word,total occurrence,# papers,category,appeared
-interact,3,3,other,1990
-is,2,2,other,2014
-the,5,5,other,1992
*interaction*,53089,4598,other,2015
2-,3,2,other,2006
2-handed,2,2,style,1997
2-way,18,14,statistical,1985
3-way,22,16,statistical,1985
4-way,2,2,statistical,2009
a-,2,2,other,1997
ability,10,10,concept,2007
above-surface,7,2,style,2013
above-the-surface,21,4,style,2007
abstract,51,47,other,1982
abstraction,3,3,other,2010
acceptable,8,5,quality,2008
acceptance,4,4,quality,2010
access,19,17,other,1991
accessibility,4,4,quality,2009
accessible,17,12,quality,2003
accidental,8,8,quality,1999
accompany,3,3,other,2011
accomplished,10,10,other,1994
accomplishment,5,4,other,2006
according,8,7,other,2005
account,7,7,other,2005
accounted,3,2,other,2008
accuracy,14,11,concept,2006
accurate,11,11,quality,2005
achievable,2,2,quality,2012
achieved,12,11,other,1983
achievement,2,2,other,2005
acm,2,2,other,2009
acquisition,2,2,other,2010
act,3,3,other,2012
action,36,26,other,1991
activated,2,2,other,1999
active,47,34,quality,1983
activity,68,45,other,1991
activity-based,14,4,style,2008
actor,3,3,other,2007
actual,68,54,other,1983
actuated,3,3,other,2013
ad,6,5,social,2008
adaptable,5,2,quality,2004
adaptive,8,6,quality,2002
add,2,2,other,1993
added,10,6,other,1999
addition,5,5,other,2000
additional,69,56,other,1997
address,9,9,other,1997
addressed,4,4,other,2006
adequate,3,3,quality,1993
adhoc,6,6,style,2008
adopted,3,3,other,1989
adult,6,5,other,2011
adult-child,6,4,social,2012
advance,3,3,other,2009
advanced,30,25,quality,1996
advantage,7,7,other,2002
advisory,12,3,other,1986
aesthetic,26,13,quality,2005
affect,26,25,other,1994
affected,7,7,other,2007
affective,31,16,style,1982
afford,12,11,other,1999
affordances,17,13,concept,1996
afforded,19,17,other,2007
affords,6,6,other,2008
aforementioned,3,2,other,2014
age,13,6,statistical,1983
agent,22,15,style,1992
agent-user,2,2,style,1997
aggregate,3,3,other,2009
aid,7,7,other,2001
aim,3,3,other,2007
aimed,2,2,other,2007
al,10,10,other,1994
algorithm,19,12,concept,1996
aligned,2,2,other,2012
alignment,4,3,other,2005
allow,11,11,other,1987
allowed,9,8,other,2008
allowing,2,2,other,2010
allows,34,30,other,1987
alternate,4,4,other,1997
alternative,47,34,other,1992
always-available,2,2,quality,2012
ambient,10,7,style,2005
ambiguity,6,5,quality,2005
ambiguous,4,3,quality,2014
amenable,2,2,other,2010
amongst,15,14,other,1998
amplitude,4,3,statistical,2000
analogous,4,3,other,2003
analysis,79,61,concept,1981
analyst,4,3,other,2002
analytic,9,5,other,1996
analytical,3,2,other,2013
analytics,2,2,other,2011
analyzed,10,10,other,1986
and/or,12,10,other,1997
angle,9,8,other,2006
animal-computer,7,2,concept,2014
animated,3,3,other,2012
animation,10,7,other,1992
annotated,4,4,other,2006
annotation,2,2,other,2011
annual,2,2,other,2007
anonymous,8,8,social,2001
anova,3,2,statistical,2007
anticipated,2,2,other,2007
anything,2,2,other,2008
app,33,2,style,2015
apparent,6,5,other,2008
appear,4,4,other,2009
appeared,3,3,other,1994
appears,15,15,other,1983
applicability,2,2,other,2008
applicable,4,4,other,1992
application,97,67,style,1985
application-level,2,2,style,2005
application-specific,2,2,other,2004
applied,10,9,other,1994
applies,3,2,other,2010
approach,76,56,other,1989
approached,3,3,other,2000
appropriate,62,56,quality,1990
april,15,10,other,2001
ar,6,4,style,2007
architecture,6,4,concept,1991
area,82,50,concept,1999
arise,3,3,other,2013
arm,7,5,style,2002
around-device,8,5,style,2013
art,2,2,other,2003
artefact,5,5,other,2008
article,5,5,concept,2008
artifact,12,12,concept,2005
artificial,5,5,quality,2006
artistic,7,2,quality,2006
aspect,22,16,other,1982
assembly,2,2,other,2015
assign,3,3,other,2012
assistance,5,2,concept,2006
assisted,4,3,other,1999
assistive,3,3,style,2014
associate,3,2,other,2013
associated,18,18,other,1997
association,2,2,other,2011
assumes,2,2,other,2012
asymmetric,32,13,style,2000
asymmetrical,2,2,style,2009
asynchronous,40,30,social,1989
ata-distance,5,2,style,2011
atomic,12,4,concept,1990
attempt,7,5,other,1982
attention,21,16,other,2000
attentive,11,2,quality,2010
attitude,8,5,other,2008
attractive,4,3,quality,1992
attribute,3,3,other,2008
audience,42,21,social,1995
audio,28,18,style,1990
audio-based,3,3,style,2002
audio-only,2,2,style,1994
auditory,10,8,style,1992
augment,3,3,other,2008
augmentation,4,3,concept,2011
augmented,13,12,style,2003
aural,5,3,style,1996
authentic,4,4,quality,2011
author,4,4,other,1992
authoring,3,2,concept,2015
authoritative,2,2,social,2016
automated,4,4,style,2002
automatic,9,7,other,1995
automation,4,4,other,2006
autonomous,4,4,quality,2009
auxiliary,2,2,other,2012
availability,4,4,other,2010
available,36,32,other,1996
avatar,8,5,social,2007
avatar-mediated,8,2,social,2007
average,16,13,other,1982
averaged,2,2,statistical,2008
avoid,2,2,other,2013
avoids,7,6,other,2008
aware,4,2,other,2016
awareness,30,25,other,1991
awkward,5,5,quality,2008
back-and-forth,4,3,other,2007
back-of-device,56,18,style,2008
background,31,20,style,1994
balakrishnan,2,2,other,2014
bandwidth,9,7,concept,2009
bar,9,4,style,2008
bare,2,2,other,2007
bare-hand,2,2,style,2011
barrier,9,5,other,2012
base,2,2,other,1982
based,88,73,other,1987
baseline,6,5,other,2007
basic,117,94,other,1985
battery,3,2,style,2014
became,5,5,other,1998
become,19,18,other,1997
becomes,22,21,other,1985
becoming,4,4,other,2012
before/after,3,2,other,2009
beforehand,2,2,other,2002
began,6,6,other,1990
begin,4,4,other,1992
begun,2,2,other,2011
behavior,127,60,concept,1988
behavioral,11,7,concept,2011
behaviour,12,11,concept,1999
belong,3,2,other,2009
bend,11,6,style,2011
bendable,2,2,style,2015
bending,3,2,style,2013
beneficial,6,6,quality,1999
benefit,20,18,other,2000
benefited,3,3,other,2008
besides,2,2,other,2007
best,8,8,quality,2002
better,26,26,quality,1994
bezel,7,3,style,2009
bezel-based,5,3,style,2012
bidirectional,9,8,style,1995
bigger,2,2,other,2013
bimanual,266,82,style,1995
biofeedback,20,2,style,2010
blended,6,3,style,2016
blind,2,2,other,2011
blindness,3,2,concept,2013
block,57,26,statistical,1982
board,2,2,other,2010
bodily,24,15,style,2006
body,40,34,style,1992
body-based,2,2,style,2013
body-centric,19,6,style,2013
bond,2,2,other,2014
book,4,3,style,1991
bookmark,5,5,style,1997
boon,2,2,other,1999
borderline,7,7,statistical,2001
bottleneck,2,2,concept,2001
boundary,12,5,concept,2009
box,4,2,other,2003
brain,5,4,style,2003
brain-computer,8,4,style,2010
brand,2,2,other,2008
break,3,3,other,2005
brief,12,11,quality,1994
broad,3,3,other,2011
broadcast,3,3,other,2004
broader,13,11,other,2005
brought,3,3,other,1982
browser,10,4,style,1995
browsing,6,6,style,2005
build,6,6,other,2007
building,8,8,other,1999
built,3,3,other,1998
builtin,2,2,other,1990
burst,2,2,other,2014
bursty,2,2,quality,1995
business,4,3,other,1996
button,12,9,style,1985
buxton,3,3,other,2014
bystander,2,2,other,2005
c.,2,2,other,1987
cal,2,2,other,2013
calculated,5,5,other,2011
calendar,4,4,other,1999
call,11,8,other,1986
called,4,4,other,1997
calm,4,3,quality,2002
camera,8,6,style,2002
camera-based,15,12,style,2001
canada,4,4,other,2006
candidate,2,2,other,1999
canvas,4,4,style,2011
capability,61,47,other,1997
capacitive,2,2,other,2011
capture,7,6,other,2004
captured,17,14,other,2002
car,3,3,other,2015
card,3,3,other,2007
care,4,4,other,2008
carried,5,5,other,2001
carry,3,2,other,2003
case,16,9,other,2007
casual,89,27,quality,1991
category,8,6,other,1996
causal,18,5,other,1988
cause,5,5,other,2006
caused,3,3,other,2001
cell,5,3,other,2004
cellphone,4,2,style,2007
center,4,4,other,1990
centered,2,2,other,2013
central,4,4,other,2007
certain,37,36,other,1982
cf,2,2,other,1999
challenge,41,38,concept,2000
challenging,11,11,quality,2010
chance,2,2,other,1999
change,24,21,other,1992
changed,5,5,other,2009
changing,2,2,other,2012
channel,9,9,concept,1982
character,18,11,other,1992
characteristic,15,9,concept,2007
characterized,8,8,other,1996
characterizes,2,2,other,2010
chart,3,3,other,2015
chat,5,5,social,2002
chi,8,4,other,2002
child,29,24,concept,1999
child-child,4,2,social,2011
child-computer,9,8,concept,2006
childrens,20,7,social,2001
chinese,2,2,other,2010
choice,16,11,other,2009
chosen,7,7,other,1987
cial,2,2,social,1997
circle,2,2,other,2011
circular,4,2,other,2013
citizen,8,5,concept,2008
civic,2,2,other,2005
class,11,11,concept,1993
classic,3,2,quality,2013
classical,11,5,quality,1996
classification,2,2,other,2015
classified,2,2,other,2011
classroom,7,5,social,2008
classroom-wide,3,2,social,2008
clear,6,6,other,2004
click,25,10,style,1992
clicking,3,3,style,2013
client,19,11,social,1998
clinician,2,2,social,2010
clipboard,3,2,other,2009
close,10,9,quality,1982
closed-loop,3,3,style,2007
closer,5,5,other,2013
clothing,2,2,other,2009
clumsy,4,3,quality,1982
cluster,2,2,other,1999
cm,2,2,other,2011
coarse,3,3,quality,2012
coarse-grained,5,3,quality,1985
code,7,6,concept,1990
codesign,3,2,social,2010
coding,3,3,concept,2009
coefficient,2,2,other,2011
cognition,3,3,other,2012
cognitive,21,19,other,1982
coherent,4,3,quality,2012
collaboration,43,37,social,1997
collaborative,125,91,social,1995
collaborator,3,3,social,2006
colleague,2,2,social,2010
collected,4,2,other,2006
collection,8,5,other,2005
collective,9,7,social,2008
collision,3,3,other,2004
collocated,19,11,social,2006
colocated,27,3,social,2010
color,5,4,style,1995
combination,7,5,other,1999
combine,14,14,other,1999
combined,9,8,other,2002
combining,4,4,other,2013
come,5,5,other,1991
comfortable,7,6,quality,2010
command,20,11,style,1982
command-style,2,2,style,1986
comment,15,9,other,1991
commercial,2,2,other,2011
commitment,14,4,concept,2011
common,101,75,quality,1986
communication,79,65,social,1983
communicative,6,5,social,2010
community,93,61,concept,2000
compact,2,2,quality,2007
company,5,2,other,2008
comparable,7,7,other,1996
compared,16,13,other,1987
comparing,2,2,other,2000
comparison,7,4,other,2007
compelling,12,12,quality,1998
competency,2,2,other,1996
competitive,8,6,social,2007
complementary,8,8,quality,1993
complete,22,18,other,1986
completed,3,3,other,1992
completion,4,3,other,2006
complex,188,157,quality,1982
complexity,27,13,concept,1999
complicated,7,6,quality,1987
component,50,27,concept,1983
compound,10,3,style,2009
comprehension,2,2,other,2008
comprehensive,2,2,quality,2000
computation,4,4,other,1996
computational,4,3,other,1983
computer,360,260,concept,1982
computer-based,7,6,style,1988
computer-human,44,36,concept,1982
computer-mediated,3,3,style,2002
computer-supported,5,5,other,2007
computermediated,15,14,style,2001
computing,9,9,other,1996
concept,83,53,concept,1994
conceptual,10,6,concept,1993
concern,11,10,other,1995
concerned,4,4,other,1994
conclude,2,2,other,2011
concluded,2,2,other,2006
conclusion,9,9,other,1995
concrete,9,9,other,1989
concurrent,13,11,quality,1995
condition,76,37,statistical,1982
conducive,4,4,other,2009
conducted,10,10,other,1985
conduit,2,2,other,2014
conference,4,3,other,1993
configuration,20,8,other,2007
confined,4,3,other,2013
conflict,4,3,social,2012
conforms,2,2,other,1997
confusing,2,2,quality,2001
connection,3,3,other,2009
considerable,5,5,other,1996
consideration,10,10,other,1998
considered,8,8,other,1994
consist,3,3,other,2003
consisted,2,2,other,2011
consistent,19,14,quality,1997
consisting,3,3,other,1994
consists,6,6,other,1983
console,2,2,style,2009
constant,9,7,quality,2008
constitute,2,2,other,2009
constrained,12,10,quality,1993
constraint,30,16,concept,1989
construct,2,2,other,1982
constructed,2,2,other,2014
constructive,11,5,quality,1997
consumer,4,4,other,2010
consumption,4,4,other,2011
contact,11,7,style,2006
contemporary,3,3,quality,2006
content,38,30,other,1996
context,112,68,concept,1994
context-aware,6,6,style,1999
context-awareness,2,2,style,2013
context-based,6,2,style,2011
contextual,7,6,other,1993
contextualized,2,2,other,2012
contingent,3,3,other,2010
continued,13,12,other,1997
continues,5,5,other,1992
continuous,90,49,quality,1994
contrast,4,4,other,1994
contribute,2,2,other,2014
contributed,4,3,other,2010
contributes,2,2,other,2012
contributing,2,2,other,2011
contribution,14,8,other,1999
control,43,33,other,1982
controllable,2,2,quality,2003
controlled,2,2,other,1982
controller,4,4,other,1993
convenient,6,5,quality,2003
convention,8,8,concept,1985
conventional,22,17,quality,1993
conversation,14,14,social,1991
conversation-based,3,2,style,2011
conversational,35,26,social,1982
cooperation,5,5,other,1999
cooperative,31,21,social,1991
coordinated,4,4,other,2008
coordination,11,10,other,1996
copresent,14,8,social,1999
core,18,15,other,1993
corner,4,2,style,2006
correct,3,3,quality,2006
correction,4,2,other,1999
correlate,2,2,statistical,1992
correspond,4,3,other,2011
corresponding,13,13,other,1986
corresponds,2,2,other,2012
cost,39,17,concept,1996
count,7,4,statistical,2011
coupled,3,3,other,2010
coupling,2,2,other,1991
course,8,8,concept,1994
covert,5,2,quality,2008
create,3,3,other,2003
created,8,7,other,1987
creates,7,7,other,2006
creating,2,2,other,2011
creation,5,5,other,2001
creative,18,13,quality,2006
critical,17,17,quality,1995
criticism,18,10,other,2009
critique,2,2,concept,2012
cross,18,7,other,2006
cross-cultural,4,4,social,2013
cross-device,127,20,style,2013
cross-display,5,3,style,2012
crossing,5,4,style,2006
crossing-based,8,5,style,2006
crossmodal,18,7,style,2009
crossover,22,11,statistical,1999
crucial,4,4,quality,2009
ct,10,3,other,2005
cue,23,18,concept,1995
cultural,9,6,social,2000
culture,3,3,other,2011
cumbersome,5,5,quality,1995
curiosity,2,2,other,2006
current,71,58,other,1981
cursor,30,13,style,1992
cursor-based,5,2,style,2010
custom,8,6,other,2001
customer,6,5,social,1982
customization,3,3,other,2010
customized,2,2,quality,2003
cycle,19,8,concept,1992
daily,46,35,other,2003
dangerous,3,3,quality,2009
darker,2,2,other,2007
data,150,92,concept,1982
database,10,5,style,2004
date,3,3,other,2000
day,8,6,other,1982
day-today,10,8,quality,1999
debugging,5,2,style,2012
deception,2,2,other,2004
decision,5,4,other,2000
decrease,2,2,other,2000
decreased,2,2,other,1998
dedicated,3,3,other,2011
deemed,4,4,other,2006
deep,8,7,quality,1990
deeper,8,5,quality,1990
default,11,8,other,1989
define,2,2,other,2007
defined,12,12,other,1988
defines,3,3,other,1990
definition,3,2,other,2012
deformation,2,2,style,2013
degree,3,3,other,2007
deictic,9,2,style,2006
delay,4,4,other,2006
deliberate,13,4,quality,2010
demand,7,6,other,1994
demanded,2,2,other,2014
demonstrate,5,5,other,1999
demonstrated,9,7,other,1993
demonstrates,2,2,other,2014
demonstrative,2,2,other,2010
denim,2,2,other,2000
density,5,5,statistical,2006
department,5,5,other,1992
depend,3,3,other,2011
dependent,4,4,other,1993
depending,10,8,other,2008
depends,5,3,other,1998
depicted,5,5,other,1987
deployed,2,2,other,2001
depth,10,6,statistical,2006
derive,2,2,other,1990
derived,4,4,other,1998
describe,11,11,other,2009
described,36,35,other,1983
describes,6,6,other,1993
description,15,5,other,1998
design,1764,612,concept,1982
designed,29,26,other,1987
designer,416,183,concept,1990
designing,2,2,other,2010
desirable,6,6,quality,2009
desire,2,2,other,2006
desired,12,10,other,1989
desktop,34,15,style,2000
desktop-based,3,3,style,2012
detail,17,16,other,1985
detailed,25,22,other,1992
detect,4,4,other,2011
detected,3,3,other,2012
detection,17,7,other,2007
detects,3,3,other,2008
determined,3,3,other,1986
determines,4,4,other,1993
develop,3,2,other,1986
developed,10,10,other,1987
developer,21,10,concept,2002
development,13,10,concept,1983
device,249,172,concept,1981
dexterous,4,2,style,2011
df,3,2,statistical,2013
diagram,7,5,concept,2001
dialog,4,4,concept,1987
dialogic,6,5,social,1991
dialogue,20,14,style,1982
differ,9,8,other,1994
difference,12,12,statistical,1986
different,308,222,other,1981
differs,13,12,other,1991
difficult,37,33,quality,1989
difficulty,29,18,other,1985
digital,99,53,style,1997
dimension,18,13,concept,2004
dimensional,5,4,style,1992
dir,2,2,other,2013
direct,356,219,style,1981
direct-manipulation,2,2,style,1989
direct-touch,5,4,style,2010
directed,4,3,quality,2005
direction,13,8,other,2006
directtouch,34,11,style,2006
disabled,3,3,other,1993
disclosure,3,3,other,2003
discourse,6,6,concept,1999
discreet,3,3,quality,2012
discrete,21,16,style,2007
discursive,2,2,other,2014
discus,4,4,other,1997
discussed,9,9,other,1989
discussion,24,22,other,1997
display,87,56,style,1986
display-based,12,6,style,1992
disrupt,2,2,other,2013
disruptive,9,5,quality,2006
distal,4,2,style,2012
distance,39,26,statistical,2003
distant,15,13,style,2009
distinct,11,9,other,1995
distinctive,4,3,other,2011
distributed,6,5,style,2007
distribution,3,2,other,2009
diverse,13,13,other,2001
diversity,3,2,other,1987
divide,2,2,other,2007
divided,2,2,other,2013
doctor-patient,9,6,social,1995
document,7,7,other,1994
documented,2,2,other,2005
doe,24,24,other,1989
dog,3,2,concept,2011
domain,9,9,other,1988
domestic,5,5,style,2010
dominant,7,5,other,2010
dominated,4,4,other,1993
done,7,6,other,2009
drag,7,6,style,2005
drag-and-drop,15,9,style,2003
dragging,6,6,style,1990
dramatic,2,2,quality,1987
draw,5,5,other,1987
drawing,5,5,style,2003
drawn,2,2,other,2002
drive,4,4,other,2007
driven,5,5,other,1981
driver,8,7,style,2001
drove,2,2,other,2008
drug,6,4,other,2006
dtmf,2,2,other,2011
dual,5,5,style,1995
due,51,47,other,1986
duration,33,7,other,2004
dwell,3,3,style,2007
dyadic,40,18,social,1981
dynamic,75,52,quality,1987
e.g,32,28,other,1995
earlier,5,4,other,1996
early,23,12,other,1987
early-stage,2,2,social,2011
easier,21,18,quality,1991
easiest,2,2,quality,2008
easy,32,31,quality,1983
easy-touse,2,2,quality,2007
ec,2,2,other,2011
ecology,3,2,concept,2013
economic,3,2,other,2016
edge,9,7,style,2006
edit,2,2,other,2015
editor,9,2,other,1983
education,7,7,other,1995
educational,3,3,style,1982
effect,957,384,statistical,1982
effective,90,77,quality,1982
efficiency,21,12,concept,1992
efficient,56,48,quality,1994
effort,46,13,quality,2001
effortless,3,3,quality,2014
either,5,5,other,2006
elaborate,6,6,quality,2004
elaborated,2,2,quality,2013
elaboration,2,2,other,2009
electronic,5,5,style,1987
elegant,2,2,quality,2005
element,37,28,concept,1993
elementary,3,3,quality,1992
elicited,3,3,other,2013
elmo,3,2,other,2010
email,26,12,style,2001
embedded,22,19,style,2003
embodied,193,77,style,1999
embodiment,4,3,style,2007
emerge,2,2,other,2010
emerged,9,9,other,1994
emergent,10,6,quality,2006
emg,2,2,style,2008
emotion,5,4,other,2005
emotional,22,15,quality,1999
empathetic,2,2,quality,2008
emphasized,3,3,other,1996
emphasizes,3,3,other,2012
employ,2,2,other,1998
employed,7,7,other,2011
empower,2,2,other,2008
empowerment,2,2,other,2015
enable,43,37,other,2005
enabled,32,30,other,1993
enables,21,20,other,1993
enabling,4,4,other,1983
enacted,2,2,other,2013
encounter,3,3,other,2008
encountered,3,3,other,2012
encourage,4,3,other,1992
encouraged,2,2,other,2012
encourages,3,3,other,2003
encouraging,2,2,quality,2004
end,6,6,other,2009
end-to-end,4,4,concept,1993
ended,2,2,other,2006
enduser,11,8,concept,1983
energy,7,5,other,2011
energy-conserving,22,2,quality,2010
engaged,2,2,quality,2013
engagement,29,26,other,2008
engages,3,3,other,2000
engaging,11,11,quality,1999
engine,4,3,style,2012
engineer,4,4,other,1998
engineering,5,5,concept,1996
enhance,3,3,other,2007
enhanced,18,10,quality,2002
enhances,2,2,other,2008
enjoyable,3,3,quality,1996
enjoyed,2,2,other,1999
enjoyment,2,2,quality,2007
enough,5,5,other,2000
enrich,5,5,other,1999
enriched,3,2,quality,1998
ensemble,7,2,concept,2014
ent,2,2,other,2015
entail,3,3,other,2011
entertainment,2,2,other,1998
entire,20,20,other,1992
entre,3,2,other,1987
entry,6,5,other,2000
environment,43,41,concept,1981
environmental,2,2,other,2002
envisioned,5,5,other,2005
ephemeral,7,4,quality,2001
episode,10,7,concept,1986
equal,4,4,other,2011
equation,2,2,other,1997
equitable,2,2,quality,2011
equivalent,8,5,other,2009
ergonomic,2,2,quality,2016
ergonomics,2,2,other,2010
erroneous,2,2,quality,2015
error,56,15,other,1996
escape,3,3,other,1986
essential,7,7,quality,1995
estimation,3,3,other,2007
et,10,10,other,1987
ethnographic,2,2,other,2010
evaluate,2,2,other,2014
evaluated,6,5,other,2011
evaluating,2,2,other,2012
evaluation,8,8,other,1996
event,144,53,concept,1985
eventbased,25,2,concept,2011
everyday,96,72,concept,1995
evidence,5,5,other,1992
evolve,3,3,other,1998
evolved,3,3,other,1999
evolves,2,2,other,2000
evolving,4,4,other,1997
examined,4,4,other,1996
examines,3,2,other,2000
examining,2,2,other,2011
example,55,41,other,1981
excerpt,2,2,other,2011
excessive,2,2,quality,2010
exchange,15,13,other,1996
exciting,3,3,quality,2001
exclusive,2,2,other,1998
exemplar,3,3,quality,2011
exemplified,2,2,other,2007
exercise,3,3,other,1989
exertion,6,4,style,2009
exhibit,4,4,other,2012
exhibited,3,3,other,1998
exist,6,6,other,1981
existed,2,2,other,2009
existing,5,5,other,2009
exists,4,4,other,1997
expand,2,2,other,1999
expected,6,6,other,2007
expensive,2,2,quality,2003
experience,164,115,concept,1994
experienced,7,7,other,2003
experiential,3,2,other,2009
experiment,6,6,other,1998
experimental,11,4,quality,2003
experimenter,3,3,social,2007
expert,17,14,concept,1986
expertise,8,4,other,1982
explained,3,3,other,1987
explicit,56,39,quality,1995
exploit,3,3,other,2012
exploited,2,2,other,2013
exploration,15,14,concept,2004
explorative,3,3,quality,2008
exploratory,12,11,concept,1981
explore,2,2,other,1998
explored,17,17,other,2006
explores,3,3,other,2010
expose,2,2,other,1993
exposure,4,3,other,2008
expressed,3,3,other,2008
expression,7,7,other,2010
expressive,77,24,quality,2001
extend,3,3,other,1999
extended,17,16,quality,1994
extensive,15,14,other,1985
extent,2,2,other,2007
external,2,2,other,2002
extra,8,8,other,1989
extract,4,4,other,1983
extraneous,3,3,quality,2006
extreme,2,2,quality,2015
eye,77,18,style,1990
eye-based,18,8,style,1999
eye-free,6,6,style,2011
eyegaze,2,2,style,2007
eyes-free,140,42,style,2004
f6,2,2,other,1994
fabrication,4,3,style,2013
face,16,9,social,1992
face-to-face,303,169,social,1986
facebook,3,3,other,2010
facial,2,2,social,1995
facile,4,4,quality,1993
facilitate,14,14,other,1982
facilitated,10,10,other,2008
facilitates,11,10,other,1995
facilitating,2,2,other,2014
facility,8,8,concept,1989
factor,30,23,other,1993
failed,4,4,statistical,1982
fails,2,2,other,2012
fall,5,4,other,1987
false,2,2,other,2015
familial,3,3,social,2009
familiar,38,35,quality,1991
family,26,18,social,1996
fast,21,19,quality,1994
faster,14,9,quality,1992
fastest,4,3,quality,2007
favor,2,2,other,1987
favorite,2,2,other,2013
favourite,2,2,quality,2006
fb,4,2,other,2011
feasible,7,7,quality,1989
feature,54,42,concept,1982
feature-based,5,2,concept,2012
feedback,37,32,concept,1983
feeding,2,2,other,2013
feel,7,7,other,1981
felt,8,8,other,2007
feminist,14,5,concept,2010
fewer,11,11,other,1994
fidelity,10,8,style,2011
field,16,14,concept,1990
figure,66,48,other,1981
filmed,2,2,other,2011
final,7,7,other,2000
financial,4,3,other,2010
finding,4,4,other,2010
fine-grained,17,14,quality,2007
finer,2,2,quality,2013
finger,60,32,style,1992
finger-based,15,14,style,2009
fingertip,5,3,style,2008
first,47,42,other,1982
first-time,2,2,other,2012
fisheye,3,2,style,2003
fixation,3,3,other,2014
flexibility,3,3,quality,2010
flexible,33,26,quality,1985
flick,7,2,style,2016
floor,5,3,style,2014
flow,75,30,concept,1995
flowing,2,2,other,2009
fluent,10,10,quality,1991
fluid,71,57,quality,1989
focus,15,13,other,1996
focused,47,34,quality,1986
folding,4,2,style,2014
follow,5,3,other,2010
followed,8,8,other,1983
following,25,23,other,1981
follows,5,5,other,1999
followup,6,6,other,2003
food,4,3,other,2008
foot,19,7,style,2012
foot-based,16,5,style,2012
force,8,6,other,1996
foreground,16,7,style,1997
form,30,27,style,1986
form-based,9,4,style,1987
formal,4,4,social,1983
format,8,5,concept,1996
forth,4,4,other,2009
foster,15,13,other,2003
fostering,2,2,other,2001
found,80,54,other,1982
four-way,4,2,statistical,2014
fourth,2,2,other,2009
fractured,2,2,quality,2006
fragmented,2,2,quality,2010
frame,5,5,other,2007
framework,47,26,concept,1999
free,31,20,style,2004
free-air,13,2,style,2012
freeform,34,7,style,1995
freehand,15,9,style,2005
frequency,7,4,concept,1994
frequent,47,44,quality,1983
friend,2,2,social,2009
front,2,2,other,2012
front-,2,2,style,2015
front-of-device,2,2,style,2014
frustrating,3,3,quality,2006
ftf,9,4,social,2004
full,50,25,other,2005
full-body,32,9,style,2006
full-hand,2,2,style,2014
fun,10,9,quality,2006
function,14,11,other,1994
functional,6,4,quality,1993
functionality,13,13,concept,1991
fundamental,22,18,other,1988
future,84,72,concept,1983
g3,2,2,other,2010
gain,2,2,other,2012
gaining,2,2,other,2009
game,65,41,style,2004
game-based,2,2,style,2014
gameplay,9,5,style,2009
gaming,2,2,style,2015
gathering,2,2,other,2011
gave,2,2,other,1993
gaze,82,26,style,2000
gaze-based,22,14,style,1999
gaze-supported,20,3,style,2012
gender,29,10,other,1997
general,40,39,other,1981
general-purpose,3,3,quality,2014
generalized,2,2,other,2005
generate,2,2,other,2014
generated,4,4,other,2012
generation,4,4,other,1998
generic,10,8,quality,1990
genre,9,5,concept,1998
geographic,3,2,other,2015
gestalt,16,4,concept,2013
gestural,241,108,style,2003
gesture,237,101,style,1999
gesture-based,95,51,style,2005
getting,2,2,other,2015
girl,4,4,other,2012
give,3,3,other,1994
given,8,8,other,2010
glass,2,2,style,2015
global,14,7,other,1998
go,3,3,other,2013
goal,12,12,concept,1992
going,2,2,other,2008
good,11,11,quality,1983
google,3,3,other,2015
govern,2,2,other,2013
graceful,5,4,quality,1987
gradual,2,2,other,2008
graduate,5,4,other,1994
grammar,2,2,other,2005
grandparent-child,2,2,social,2009
grant,2,2,other,2015
graph,32,9,concept,1993
graphic,15,14,style,1985
graphical,41,29,style,1985
grasp,2,2,style,2013
graspable,3,3,quality,2001
great,3,3,other,2014
greater,14,14,other,1998
greeting,2,2,other,2013
grid,6,2,statistical,1993
grip,9,2,other,1997
grounded,5,3,other,2000
group,234,149,social,1988
group-to-group,2,2,social,2005
grows,2,2,other,2000
growth,3,3,other,2013
guard,2,2,other,1991
gui,22,19,style,1995
gui-style,2,2,style,1997
guidance,5,3,style,2011
guide,13,7,other,2001
guide-visitor,6,2,social,2008
guideline,9,8,concept,1997
ha,192,179,other,1983
habit,3,3,concept,2007
habitual,2,2,quality,2010
hand,59,34,style,1992
hand-based,14,7,style,2002
hand-to-face,21,3,style,2014
handed,3,2,other,1995
handheld,20,16,style,2003
handle,10,5,other,2000
handled,6,6,other,2000
handler,60,5,concept,1982
hands-free,24,18,style,2004
hands-on,9,7,style,2007
happen,5,5,other,2001
happening,6,6,other,2001
happens,4,4,other,2006
haptic,67,29,style,1997
hard,5,4,quality,1997
hardware,11,11,other,1999
hci,34,26,other,2001
head,12,10,style,1992
health,4,4,social,2010
heart,7,2,style,2007
heavyweight,3,2,quality,2009
height,3,3,other,2012
heightened,2,2,other,1995
help,31,21,other,1986
helped,5,5,other,2000
hence,5,5,other,1981
heterogeneous,3,3,quality,2011
heuristic,2,2,concept,2008
hidden,3,2,quality,2015
high,52,36,other,1989
high-precision,5,5,quality,2010
higher,24,21,other,1996
higher-order,8,8,statistical,1983
higherlevel,6,6,other,2008
highest,2,2,other,2012
highlevel,6,6,other,1988
highlight,4,4,other,2007
highlighted,2,2,other,1998
highlighting,3,3,other,2015
highquality,2,2,quality,1998
hinder,2,2,other,2009
hinders,3,3,other,2009
his/her,3,3,other,2005
history,149,55,concept,1988
hmd,2,2,style,2015
hoc,6,5,other,2008
holistic,3,2,quality,2011
home,9,8,style,2008
horizontal,6,5,style,2008
hotkey,2,2,style,2007
household,3,3,other,2003
hover,28,10,style,2011
human,580,340,concept,1981
human-,2,2,concept,1989
human-agent,40,13,style,1997
human-animal,18,2,concept,2011
human-battery,3,2,concept,2014
human-centered,4,4,concept,2008
human-computer,243,207,concept,1982
human-dog,5,2,concept,2011
human-food,20,5,style,2008
human-human,124,63,social,1986
human-machine,39,23,concept,1981
human-material,2,2,style,2011
human-product,3,2,concept,1996
human-robot,143,44,concept,1993
human-system,7,5,concept,1995
human-technology,14,8,concept,2007
human-to-human,21,15,social,1995
human-virtual,4,3,concept,2004
human/computer,3,2,concept,1993
humancomputer,957,566,concept,1981
humanhuman,4,3,social,1994
humorous,3,2,quality,2006
hybrid,20,11,style,2008
hypothesis,3,2,concept,2006
hypothesized,3,3,other,2009
hypothetical,6,2,other,1996
i.e,4,4,other,2001
icon,3,3,other,1991
id,9,6,statistical,2002
idea,10,10,other,1998
ideal,8,7,quality,2010
identical,10,10,other,2000
identifiable,2,2,other,1999
identification,16,8,style,2002
identified,8,8,other,2003
identifies,3,3,other,1986
identify,2,2,other,2000
identifying,3,3,other,2012
identity,4,4,other,2009
illustrated,4,4,other,2007
im,11,7,social,2001
image,15,12,style,1998
imaginary,3,3,other,2013
imagined,14,7,quality,1994
immediacy,2,2,other,2011
immediate,28,19,other,1992
immersion,4,4,quality,1999
immersive,5,5,quality,2001
impact,11,10,other,2003
imperative,2,2,other,1988
implement,8,8,other,2001
implementation,13,12,other,2006
implemented,5,4,other,1992
implication,6,6,other,1983
implicit,55,29,quality,1999
implies,6,6,other,1995
important,45,41,other,1983
imposed,2,2,other,2009
impossible,2,2,quality,1996
impoverished,2,2,quality,1999
impression,5,5,other,1998
impromptu,10,7,style,1994
improved,10,9,quality,1999
improvement,4,4,other,2010
improves,6,6,other,2009
improvisational,2,2,style,2010
improvised,3,3,quality,2006
in-,2,2,other,2009
in-air,4,3,style,2013
in-car,5,4,style,2008
in-game,8,8,style,2004
in-person,32,14,social,2008
in-pocket,2,2,style,2008
in-the-wild,2,2,concept,2012
in-vehicle,10,3,style,2008
inadvertent,21,2,quality,2012
inair,10,6,style,2012
inappropriate,3,3,quality,1998
inattentive,2,2,quality,2012
inbetween,3,3,other,2000
incidental,30,7,style,2005
include,25,23,other,1987
included,16,16,other,2003
includes,4,4,other,2007
including,18,18,other,2005
inconsistent,2,2,quality,2006
incorporates,2,2,other,2011
increase,13,12,other,1992
increased,18,17,other,1999
increasing,2,2,other,2000
independent,15,14,other,1981
indepth,2,2,other,2010
index,4,3,other,2008
indicate,3,3,other,2009
indicated,4,4,other,1992
indicates,9,9,statistical,1999
indirect,64,30,style,1998
individual,71,58,social,1983
induced,2,2,other,2013
inefficient,3,3,quality,2011
influence,24,23,other,2000
influenced,8,8,other,1994
inform,3,3,other,2014
informal,126,56,quality,1991
information,87,62,other,1982
informed,3,3,other,1991
infrastructure,3,3,other,1999
infrequent,5,5,quality,2006
ingroup,9,2,social,2012
inherent,5,5,other,1987
inhibit,2,2,other,2015
inhibitor,2,2,other,1986
initial,36,32,other,1990
initiate,4,4,other,2011
initiated,11,9,other,1994
initiative,2,2,other,1988
innovative,11,10,quality,1999
input,109,73,concept,1987
insight,4,4,other,1998
insignificant,3,3,statistical,1999
insitu,2,2,other,2011
inspired,14,12,other,1998
installation,2,2,other,2009
instance,4,4,other,1993
instant,4,3,quality,2004
institute,9,9,other,1995
instruction,3,3,other,2012
instrument,18,6,concept,2000
instrumental,59,12,concept,2000
insufficient,3,3,quality,2012
integral,4,4,other,1997
integrate,2,2,other,2009
integrated,7,5,quality,1989
integration,3,3,other,1997
intellectual,2,2,other,2003
intelligence,2,2,other,2006
intelligent,11,11,quality,1982
intelligible,2,2,quality,2003
intended,14,13,other,1999
intense,14,14,quality,2006
intensive,7,7,quality,1993
intent,6,2,other,2011
intention,2,2,other,2016
intentional,10,10,quality,1999
interact,3,3,other,2012
interaction,2,2,other,2015
interactions,2,2,other,2015
interactive,14,14,other,1995
interactivity,5,4,other,2009
interdependent,2,2,social,2006
interest,3,3,other,2008
interested,5,4,other,2011
interesting,48,45,quality,1982
interface,141,113,concept,1982
interfacedepth,2,2,statistical,2008
interfaces-synchronous,3,3,other,1992
interference,6,6,other,2007
intergenerational,4,4,social,2011
intergroup,3,2,social,2016
intermediated,33,2,style,2010
intermittent,6,5,quality,1994
international,4,4,other,2007
internet,2,2,other,2016
interpersonal,70,54,social,1992
interpretation,8,7,other,2005
interruption,4,4,other,2008
interspecies,4,2,social,2011
interval,8,5,other,2007
intervention,2,2,other,2012
interview,4,4,other,2000
intimate,25,19,quality,2003
intriguing,2,2,quality,2013
introduced,3,3,other,2007
introduces,6,6,other,2000
introduction,63,63,other,1983
intuitive,87,72,quality,1997
investigated,7,7,other,2004
invisible,11,11,style,2008
invite,6,5,other,1998
involve,9,9,other,1990
involved,42,35,other,1983
involves,16,15,other,1987
involving,50,44,other,1988
io,2,2,other,2013
iphone,2,2,style,2008
irrespective,2,2,other,2013
isolated,5,4,quality,1995
issue,82,64,other,1987
italy,5,5,other,2008
item,5,5,other,1988
iteration,3,3,other,2006
iterative,8,8,other,1991
ivis,2,2,other,2004
joint,18,8,other,1990
journal,2,2,other,1990
justin-time,2,2,other,2013
key,29,27,other,1986
keyboard,42,31,style,1993
keyboard-based,8,7,style,1994
keypad,5,4,style,1986
keywords,9,9,other,1997
kind,3,3,other,1999
kinect,4,2,style,2013
kinesthetic,2,2,style,1999
kiosk,3,2,style,1998
knowledge,12,11,concept,1996
known,8,8,other,1999
lab,33,32,other,1992
labeled,3,2,other,1995
labeling,2,2,other,2013
laboratory,20,18,other,1986
lack,4,4,other,2001
language,80,38,style,1981
language-based,2,2,style,1987
laptop,2,2,style,2011
large,55,38,other,1997
larger,15,12,quality,2007
largescale,4,4,style,2004
laser,19,5,style,2001
last,7,7,other,1994
lasted,5,5,other,2003
lasting,3,3,other,2011
latency,11,6,style,1991
later,6,6,other,1992
latest,3,3,other,2000
launch,2,2,other,2012
law,4,4,other,1987
layer,35,11,concept,2001
layered,2,2,other,2013
layout,10,10,other,1993
le,5,4,other,1987
lead,17,15,other,2002
leading,5,5,other,1999
learner,3,3,other,1998
learning,30,21,other,1998
least,3,3,other,1986
leave,2,2,other,2011
led,11,11,other,1982
lends,3,3,other,2000
length,11,9,statistical,1989
lengthy,3,3,quality,2011
lens,8,7,style,2003
less,30,29,other,1987
let,2,2,other,2003
level,82,50,concept,1982
leverage,3,3,other,2012
lexical,3,2,other,1982
library,4,3,concept,1987
lie,12,8,other,1996
life,5,5,other,2007
lifelike,2,2,quality,2010
light,6,5,quality,1997
lightweight,49,35,quality,1994
like,2,2,other,2016
likely,9,9,other,1990
limit,10,10,other,2004
limitation,5,5,other,1997
limited,75,69,other,1981
line,2,2,other,2016
linear,2,2,other,1988
linguistic,7,4,other,1997
link,4,4,other,2012
linked,2,2,other,2003
list,7,6,other,2003
listed,2,2,other,2006
listen,2,2,other,2001
literal,2,2,quality,2009
literature,17,14,concept,1990
little,29,26,other,1992
live,17,13,style,1992
load,2,2,other,2011
local,31,22,other,1986
local-global,5,2,other,2004
localised,3,2,style,2009
localized,5,2,style,2006
location,18,12,other,2008
locative,3,3,style,2010
locomotion,2,2,other,2015
log,92,50,concept,1993
logged,19,19,other,1992
logic,32,11,concept,2005
logical,3,2,quality,1981
long,20,17,quality,1991
longdistance,4,2,social,1998
longer,23,21,quality,1992
longer-term,3,3,quality,2011
longterm,27,14,quality,1988
look,3,3,other,2008
looked,2,2,other,2012
looking,5,4,other,2010
loop,18,11,other,1992
low,52,32,quality,1992
low-latency,2,2,style,1991
low-tech,3,3,style,2007
lower,19,17,other,1995
lower-level,3,3,other,1995
lowlevel,20,18,quality,1987
ludic,4,4,quality,2011
m2,2,2,other,2013
machine,21,12,concept,1983
made,19,19,other,1988
magazine,2,2,other,2011
magic,10,7,other,2008
magical,2,2,quality,2010
magnetic,3,3,other,2012
main,51,46,other,1983
mainstream,3,3,quality,2005
major,5,5,other,2001
make,25,21,other,1992
maker,5,2,other,2015
making,4,4,other,2013
male,2,2,other,2011
man-machine,6,5,concept,1983
manage,5,5,other,1995
managed,2,2,other,2010
management,25,18,other,1983
manager,28,5,concept,1991
manifest,3,3,other,2009
manipulation,51,41,style,1989
manual,26,23,style,1992
many,135,124,other,1985
map,22,10,style,1991
map-based,7,5,style,1996
mapped,2,2,other,2012
mapping,9,8,concept,1993
marginal,20,16,statistical,1986
marked,2,2,other,2013
markup,2,2,other,2010
maryland,2,2,other,1992
mass,3,3,other,2006
massive,2,2,other,2001
match,3,3,other,2006
material,34,17,style,1995
materiality,5,4,other,2012
matrix,2,2,other,1983
maximum,4,4,other,2008
mean,19,18,other,1981
meaning,5,5,quality,1999
meaning-making,2,2,other,2008
meaningful,91,51,quality,1983
meant,7,7,other,2009
measure,20,14,other,2000
measured,3,2,other,2001
measurement,5,4,other,2000
mechanic,18,15,concept,2008
mechanism,109,70,concept,1983
mediate,4,4,social,2010
mediated,49,40,style,1992
mediation,2,2,other,2010
medical,2,2,social,2010
medium,54,42,concept,1988
meet,2,2,other,1995
meeting,6,6,social,2007
member,11,11,social,2001
memorable,3,3,quality,2004
memory,9,7,other,1983
mental,6,4,other,2007
mention,2,2,other,2009
mentioned,3,3,other,1999
mentoring,2,2,social,2011
menu,41,25,style,1986
menu-based,7,5,style,1981
merit,2,2,other,2000
message,11,11,other,1994
messaging,4,2,social,2004
metaphor,72,56,concept,1989
method,282,156,concept,1986
methodology,10,9,other,1994
metric,2,2,concept,2011
midair,97,28,style,2008
middle,3,2,other,2012
mimic,2,2,other,2012
mindful,3,3,quality,2013
minimal,26,24,quality,1992
minute,2,2,other,2008
mirror,2,2,other,2009
miscellaneous,3,3,other,2014
missed,2,2,other,1981
missing,3,3,other,2008
mixed,28,9,style,1981
mixed-initiative,15,10,style,1999
mixed-reality,3,3,style,2014
mm,2,2,other,1994
mobile,323,152,style,2002
mobility,7,5,style,2006
modal,7,7,style,1997
modality,105,72,concept,1991
mode,126,68,concept,1981
model,359,144,concept,1990
modelbased,2,2,other,2007
modeled,5,5,other,2005
modeless,10,8,style,1994
modeling,6,6,concept,1991
moderate,7,6,quality,2000
modern,5,5,quality,1991
modification,2,2,other,1983
module,9,7,concept,1983
moment-to-moment,2,2,quality,2007
monitor,2,2,other,2015
monitoring,3,3,other,2002
month,2,2,other,1986
motion,12,10,style,2007
motion-based,4,4,style,2011
motivate,2,2,other,1998
motivates,2,2,other,2011
motivation,2,2,other,2005
motor,9,7,other,1992
mouse,87,59,style,1987
mouse-based,16,15,style,1989
mouse-only,2,2,style,1990
move,5,5,other,2006
movement,38,27,style,1998
movement-based,48,10,style,1990
moving,4,4,other,2007
much,30,30,other,1983
multi,4,4,other,2000
multi-device,31,13,style,1999
multi-finger,14,14,style,2006
multi-hand,11,4,style,2006
multi-object,3,3,style,1999
multi-person,5,5,social,2009
multi-point,8,2,style,2007
multi-surface,20,6,style,2009
multi-touch,15,12,style,2008
multiagent,2,2,style,1998
multidimensional,2,2,style,2000
multidisciplinary,2,2,other,1989
multidisplay,15,5,style,2006
multifocus,13,3,style,2008
multilayer,24,7,style,2007
multilingual,3,2,style,2013
multimedia,3,3,style,1995
multimodal,132,66,style,1989
multiparty,12,9,social,1994
multiplayer,2,2,social,2009
multiple,101,88,other,1982
multipoint,28,5,style,2007
multiscale,5,4,style,2007
multisensory,7,5,style,1992
multistep,3,3,style,2016
multitouch,207,88,style,2005
multiuser,59,44,social,1997
multivariate,3,2,statistical,1982
multiway,4,2,style,2006
mundane,5,5,quality,2010
muscle,2,2,style,1991
museum,3,3,style,2003
music,15,5,style,2008
musical,25,9,style,1997
musician,4,3,other,2011
mutual,8,7,other,1991
n-way,2,2,statistical,2011
name,3,2,other,1986
narrative,6,5,other,2008
native,2,2,other,2012
natural,246,166,quality,1981
naturalistic,9,6,quality,2000
nature,4,4,other,2006
navigation,29,25,style,1996
navigational,3,2,style,1997
near,2,2,other,2012
near-significant,3,2,statistical,2007
near-surface,22,6,style,2012
necessary,27,26,other,1992
need,34,28,other,1990
needed,19,18,other,1992
negative,34,26,quality,1986
neglect,2,2,other,2004
negotiate,2,2,other,2015
negotiated,4,3,other,2010
negotiation,4,2,social,2011
network,25,22,concept,1998
networked,3,3,social,2001
networking,3,3,other,2010
new,504,339,quality,1982
newer,2,2,quality,2008
newsgroup,2,2,other,2006
next,11,11,other,1997
nificant,2,2,other,2015
nique,2,2,other,1991
niques,2,2,concept,1987
noisy,3,2,quality,2012
non,4,4,other,2009
non-digital,2,2,style,2011
non-mediated,2,2,style,2002
non-touch,16,2,style,2015
nondominant,4,2,other,2010
none,2,2,other,2008
nonintrusive,2,2,quality,2008
nonlinear,4,3,style,2012
nonmodal,2,2,style,2008
nonsignificant,3,3,statistical,2001
nontraditional,10,5,quality,2009
nonverbal,20,15,style,1991
nonvisual,19,9,style,1995
norm,7,7,concept,1988
normal,37,34,quality,1992
note,2,2,other,1993
noted,4,4,other,1994
notetaking,2,2,style,2007
nothing,2,2,other,2007
notification,2,2,other,1988
novel,292,186,quality,1995
novice,6,6,concept,2007
nowadays,2,2,other,2015
nuanced,7,7,quality,2007
number,18,12,other,2005
numerous,10,10,other,2000
object,246,67,concept,1988
object-centered,4,2,concept,1992
object-focused,4,3,other,2010
object-focussed,4,2,style,2006
object-oriented,3,2,style,1992
observable,3,3,quality,2006
observation,6,6,other,1993
observe,3,3,other,2012
observed,51,39,statistical,1988
obstacle,2,2,other,2008
obtained,4,4,other,1997
obtrusive,3,2,quality,2005
obvious,4,4,quality,1996
occasional,4,4,quality,2010
occlusion,6,6,other,2011
occlusion-aware,5,3,style,2009
occur,25,23,other,1990
occurred,30,30,other,1982
occurrence,2,2,other,2007
occurring,6,5,other,2012
occurs,22,22,other,1994
off-the-shelf,4,3,other,2012
offer,24,23,other,1996
offered,4,4,other,1993
office,7,5,style,1994
offline,31,24,style,2005
offscreen,12,4,style,2007
ofhuman-computer,3,3,concept,1995
older,2,2,other,2013
on-body,26,10,style,2013
on-surface,8,6,style,2013
one,7,7,other,1999
one-,11,7,style,2011
one-click,4,2,style,2014
one-finger,14,6,style,2010
one-hand,8,4,style,2012
one-handed,9,6,style,2008
one-object,4,2,style,2010
one-off,2,2,other,2009
one-on-one,14,12,social,1998
one-shot,4,2,style,1996
one-touch,11,2,style,2007
onehanded,38,17,style,1994
oneto-one,12,11,social,2006
oneway,2,2,other,1993
ongoing,24,21,other,1991
online,245,111,social,1981
onscreen,19,15,style,2004
open,11,11,other,2011
open-ended,8,7,quality,1990
operation,5,5,other,1995
operator,6,3,social,1986
opportunistic,20,12,quality,1995
opportunity,42,30,other,1994
optical,3,3,other,2003
optimal,4,4,quality,1982
optimization,2,2,other,2007
optimized,2,2,other,2003
option,12,10,other,1985
optional,3,3,quality,2007
oral,4,3,social,1982
order,54,23,other,1982
ordinary,9,9,quality,1996
organisation,4,3,other,1987
organization,11,10,other,1992
organizational,5,5,social,1988
organized,3,3,other,2002
orientation,9,8,other,1995
original,3,3,other,1994
ot,2,2,other,1994
others,10,10,social,2001
outcome,5,5,other,2008
outlined,2,2,other,2014
outperforms,2,2,other,2011
output,22,15,other,1995
outside,2,2,other,2008
overall,48,43,other,1992
overcome,2,2,other,2010
overhead,20,8,concept,2005
overlap,2,2,other,2007
overshoot,2,2,other,2009
overt,4,4,quality,2004
overview,6,5,other,2003
pace,4,4,concept,1998
page,11,9,style,1999
pair,3,3,other,2005
paired,3,3,other,2013
pairwise,17,9,statistical,1999
palette,2,2,other,2006
palm,3,2,style,2002
pan,19,13,style,1995
pan-and-zoom,2,2,style,2012
panel,3,3,other,1992
panning,3,2,style,2010
paper,29,18,style,1997
paperbased,7,6,style,2005
paperlike,9,5,quality,1998
paradigm,173,103,concept,1989
parallel,49,20,social,1994
parameter,7,6,other,2005
parent,5,3,social,2012
parent-child,13,8,social,2009
part,15,8,concept,1986
partial,2,2,other,2010
participant,112,83,other,1991
participation,14,13,other,1996
participatory,6,5,concept,1997
particular,64,59,other,1987
partner,38,23,social,2000
party,3,3,other,1997
passing-by,6,3,quality,2011
passive,21,16,quality,1998
past,25,20,other,1988
path,27,12,concept,1991
patient,14,6,social,2001
patient-doctor,3,3,social,2009
patient-provider,10,3,social,2011
pattern,191,112,concept,1983
pc,5,5,style,1986
pda,3,2,style,2003
pedagogy,2,2,concept,2010
peeking,4,2,style,2014
peephole,19,7,style,2003
peer,26,19,social,1996
peer-patient,12,2,social,2012
peer-to-peer,3,2,social,2007
pen,88,48,style,1995
pen-based,52,35,style,1992
penlight,3,2,style,2009
people,52,47,other,1997
perceived,14,13,other,1995
perception,13,12,other,1999
perceptual,8,8,other,1992
performance,43,40,concept,1987
performative,23,11,quality,2006
performed,53,43,other,1997
performer,3,3,other,1997
performer-keyboard,3,2,style,2011
performs,3,3,other,2009
period,6,5,concept,2010
peripheral,54,9,style,1999
permanent,2,2,other,2008
permit,4,4,other,2010
persistence,3,2,other,1997
persistent,4,4,quality,2009
person,6,6,other,2001
person-computer,2,2,concept,1981
person-to-person,6,5,social,2011
personal,61,46,other,1993
personality,4,2,statistical,2000
personalization,7,2,concept,2001
personalized,9,5,style,2008
perspective,40,29,other,1998
pervasive,5,5,style,2012
phase,19,13,other,1996
phenomenon,8,7,concept,1987
philosophy,4,3,concept,1997
phone,67,33,style,2004
phone-based,7,4,style,2011
photo,4,4,style,2002
physic,6,5,style,2011
physical,397,199,style,1983
physician,10,3,social,1998
physics-based,19,7,style,2010
physics-enabled,2,2,style,2012
pick-and-drop,5,4,style,1999
piece,2,2,other,2008
pile,3,2,style,1992
pixel,3,3,other,2003
place,83,77,other,1987
placement,3,3,other,1985
plain,2,2,other,2013
plan,2,2,other,1989
plane,11,7,concept,2007
planned,5,3,other,2008
planning,3,3,other,1988
platform,14,14,concept,2008
play,34,21,style,1999
play-based,2,2,quality,1999
played,4,3,other,2011
player,57,37,concept,1999
playful,75,48,quality,2003
playfulness,2,2,quality,2014
pleasant,4,3,quality,2009
plot,26,12,statistical,1999
point,60,37,other,1997
point-and-click,8,7,style,1997
pointer,28,9,style,2001
pointing,13,11,style,2001
pointing-based,5,5,style,2000
policy,3,3,other,2008
poor,6,6,quality,1997
popular,6,6,quality,1991
portable,5,4,style,2007
portal,2,2,other,2013
pose,7,5,style,2014
position,20,14,other,1987
positive,65,47,quality,2002
possibility,98,68,other,1989
possible,148,133,other,1986
post,3,3,other,2013
post-wimp,10,5,style,2000
posture,8,6,other,2008
potential,93,72,other,1982
power,11,4,style,2007
powered,3,3,other,2013
powerful,16,15,quality,1987
practical,9,7,quality,1993
practice,89,46,concept,1990
practitioner,10,7,concept,2008
pragmatic,2,2,other,1995
precise,37,30,quality,1997
precision,19,13,other,2003
predefined,3,3,other,1998
predictable,6,6,quality,1998
predicted,5,4,other,1989
prediction,3,3,other,1989
predictor,3,3,other,2013
predicts,2,2,other,1999
predominant,4,4,quality,2003
preferable,3,3,quality,2013
preference,12,11,other,2000
preferred,25,21,other,2001
prerequisite,2,2,other,2015
presence,4,4,other,2003
present,40,39,other,1990
presentation,14,12,other,1987
presented,18,17,other,1983
presenter,2,2,other,2009
preserve,2,2,other,2000
press-drag-release,16,3,style,2012
pressure,12,7,style,2010
pressure-based,19,12,style,2007
pressure-sensitive,2,2,style,2004
prevents,2,2,other,2004
preview,4,2,other,2013
previous,60,53,other,1992
primary,29,26,other,1997
primitive,23,11,concept,1991
principal,3,3,other,2000
principle,49,27,concept,1992
prior,31,22,other,1988
privacy,8,5,concept,2010
private,23,18,social,2000
proactive,2,2,style,2005
probabilistic,4,3,style,2011
problem,65,54,concept,1983
problematic,2,2,quality,2006
procedure,7,5,concept,1986
proceeds,8,7,other,1990
process,74,57,concept,1987
processing,6,6,other,1982
produce,4,4,other,2006
produced,5,4,other,1998
product,20,15,other,1995
production,7,6,other,2001
productive,9,8,quality,1989
productivity,2,2,other,2011
professional,9,7,other,2008
profile,4,4,other,2004
program,8,7,other,1993
programmable,3,2,concept,1982
programming,4,4,other,1995
progress,2,2,other,2012
progressive,2,2,other,2010
project,20,15,other,1983
projection,2,2,other,2011
projector,2,2,style,2010
prolonged,9,8,quality,2012
promise,7,5,other,2007
promising,11,11,quality,2000
promotes,3,3,other,2003
prompt,3,3,other,1981
prompted,2,2,other,2015
proof,2,2,other,2005
prop,2,2,style,1992
proper,6,4,quality,2000
property,24,19,other,1987
propose,4,4,other,2011
proposed,16,16,other,1999
proprioceptive,30,2,style,2015
protocol,21,7,concept,1988
prototype,17,17,concept,1998
prototypical,4,4,concept,1990
prototyping,2,2,other,1996
provide,6,6,other,2007
provided,30,30,other,1992
provides,19,19,other,2003
providing,2,2,other,2011
proxemic,35,12,style,2012
proxemics,13,5,style,2012
proximate,4,4,style,2010
proximity,6,5,style,2000
psychological,3,3,other,1995
psychology,9,9,other,1993
public,53,34,social,1995
pull,3,2,style,2010
pure,4,4,other,2007
purpose,11,11,other,1993
purposeful,7,7,quality,1994
push,6,6,style,2012
qualitative,6,4,other,2006
quality,37,29,concept,1996
quantitative,3,3,other,1996
query,16,7,style,1989
question,23,15,other,1986
questionnaire,3,3,other,2004
quick,20,20,quality,1995
quiet,2,2,quality,2001
radio,2,2,style,2011
radius,8,4,other,1982
raise,2,2,other,2010
raised,2,2,other,2007
range,3,3,other,2006
ranging,2,2,other,1999
ranked,3,3,statistical,2008
rapid,25,18,quality,1983
rapport,2,2,other,2010
rate,49,13,other,1994
rated,3,3,other,2007
rating,7,7,other,2008
ratio,8,4,statistical,2014
rationale,3,3,other,2007
reached,3,3,other,1988
react,2,2,other,1998
reaction,6,6,other,2008
reactive,4,4,quality,2007
reader,6,5,other,1983
reading,2,2,other,2005
real,53,43,style,1991
real-life,3,3,style,2006
realistic,24,19,quality,1989
reality,18,14,style,1991
reality-based,28,11,style,2008
realized,3,3,other,2008
realtime,67,41,quality,1995
realworld,25,21,style,1998
reason,5,5,other,2008
reasonable,2,2,quality,2000
received,3,3,other,2010
recent,36,27,other,1988
reciprocal,27,7,social,1999
recognition,16,12,other,2000
recognized,2,2,other,2014
recommendation,6,5,other,2009
record,24,17,concept,1992
recorded,29,28,other,1989
recording,7,5,other,1999
reduced,9,9,other,1992
reduces,8,8,other,2007
reference,3,2,other,2002
refers,10,9,other,1996
reflect,5,5,other,2008
reflected,5,5,other,1986
reflection,7,7,other,2008
reflective,4,4,quality,1995
reflects,6,6,other,1986
regard,2,2,other,2008
regarding,3,3,other,2008
regardless,2,2,other,2011
region,18,10,other,2006
registered,2,2,other,2015
regular,29,25,quality,1994
relabelling,2,2,other,2007
related,51,48,other,1989
relation,16,16,other,1982
relational,2,2,other,2003
relationship,29,28,social,1998
relative,6,6,other,2007
relaxed,2,2,quality,2010
relevance,2,2,other,2010
relevant,21,20,other,1993
reliable,12,10,quality,1983
relied,2,2,other,2010
relies,7,6,other,1990
remain,4,4,other,2007
remained,4,4,other,2009
remains,7,7,other,1991
remarkable,2,2,quality,2010
remote,53,35,style,1998
remove,2,2,other,2012
render,3,3,other,2010
rendering,6,6,other,2007
repeat,2,2,other,2015
repeated,14,11,other,2007
repetition,3,2,other,2013
replaced,3,3,other,1992
replaces,4,3,other,1999
replay,3,2,other,2009
replication,2,2,other,2014
reply,2,2,other,2013
report,2,2,other,1998
reported,9,9,other,1996
represent,3,3,other,2013
representation,21,16,other,1991
representative,4,4,other,1991
represented,8,8,other,1983
request,2,2,other,2008
require,16,16,other,1992
required,56,54,other,1990
requirement,14,14,concept,1989
requires,30,28,other,1990
requiring,8,6,other,2006
research,213,142,concept,1989
researched,2,2,other,2007
researcher,64,46,concept,1992
resemble,4,4,other,1997
resembles,2,2,other,1992
resolution,4,4,other,1987
resource,21,18,concept,2002
respect,3,3,other,2002
respective,5,5,other,1989
response,26,21,other,1994
responsible,3,3,other,1995
responsive,4,4,quality,1996
restricted,4,4,other,1997
restricts,2,2,other,2005
result,38,32,other,1997
resulted,10,9,other,1982
resulting,7,7,other,2006
retrieval,5,3,other,2007
return,2,2,other,1986
reveal,3,3,other,2005
revealed,15,15,other,1993
revealing,3,3,other,1987
reveals,6,6,other,2006
reversible,2,2,quality,1994
review,4,4,other,1996
revisitation,2,2,other,2007
revolves,2,2,other,2009
reward,3,3,other,2011
rfid,4,3,style,2010
rhythmic,14,3,style,2012
rich,126,94,quality,1992
richer,54,48,quality,1992
richness,4,4,quality,2007
right,3,3,other,2006
rigid,2,2,other,2003
rise,2,2,other,2016
risky,5,4,quality,2011
rnt,3,2,other,2005
robot,28,16,style,2004
robotic,6,5,style,2008
robotics,2,2,other,2011
robust,12,9,quality,2000
role,16,13,other,1996
room,6,4,other,1995
rotation,8,6,style,2005
rotational,2,2,style,2000
routine,22,11,quality,1987
rq1,2,2,other,2014
rudimentary,2,2,quality,1999
rule,28,14,concept,1982
run,2,2,other,2014
safe,3,3,quality,2008
safer,2,2,quality,2013
salient,4,2,quality,2013
sample,17,14,other,1985
satisfaction,19,15,concept,1997
satisfying,2,2,quality,2009
scaffolded,2,2,quality,2014
scalable,2,2,other,1999
scale,23,10,other,1994
scan,2,2,other,2015
scatter/gather,3,2,style,1996
scenario,180,104,concept,1990
scene,2,2,other,2011
schedule,3,2,other,2011
scheme,19,15,concept,1998
scholar,2,2,concept,2012
science,24,19,concept,1996
scientific,2,2,other,2009
screen,102,71,style,1989
screen-based,8,8,style,2006
script,9,5,other,1997
scripted,3,3,quality,2008
scroll,2,2,style,2015
scrolling,3,3,style,1999
seamless,45,36,quality,1994
search,55,21,style,1993
second,17,16,other,1982
second-screen,3,2,style,2014
secondary,16,12,other,2005
secondary-task,3,2,style,2007
section,10,9,other,1990
secure,4,4,quality,2009
security,6,6,other,2008
see,3,2,other,2008
seek,2,2,other,2014
seem,6,6,other,1992
seemed,9,8,other,1991
seems,10,10,other,1997
seen,13,13,other,1992
segment,5,3,concept,2012
seldom,2,2,other,1996
select,6,4,other,1993
selected,2,2,other,1992
selecting,2,2,other,1989
selection,24,20,style,1990
selection-based,12,2,style,2014
self-revealing,2,2,social,2006
semantic,54,4,concept,2007
semantics,5,5,concept,1999
semistructured,2,2,other,2015
senior,4,3,other,2013
sense,5,4,other,2005
sensed,2,2,other,2013
sensing,14,13,other,2008
sensitive,9,5,other,2008
sensor,19,15,style,1997
sensor-based,20,8,style,2003
sensory,6,4,style,2011
separate,9,9,other,1988
separation,3,3,other,2012
sequence,63,49,concept,1988
sequenced,2,2,other,1989
sequential,15,12,style,1991
serendipitous,20,11,quality,2002
serf,5,5,other,1992
serial,3,2,other,1987
serious,5,2,quality,1985
service,10,7,other,2009
session,30,25,concept,1985
session*method,3,2,statistical,2007
set,11,10,concept,1993
setting,12,10,concept,2007
setup,6,5,other,2009
several,111,99,other,1982
sexual,8,3,social,2011
shadow,5,4,style,2009
shallow,6,3,quality,2012
shape,20,19,other,1999
shape-changing,10,3,style,2012
shaped,3,3,other,2011
share,15,13,other,2006
shared,6,6,social,1995
sharing,10,9,social,2006
sheet,3,3,style,1987
shift,6,6,other,2009
shneiderman,2,2,other,1996
shopper,2,2,social,2010
shopping,2,2,other,2010
short,51,39,quality,1987
shortcut,3,3,concept,2000
shorter,7,7,quality,1998
shoulder-to-shoulder,3,3,social,2003
show,22,22,other,1985
showed,18,16,other,1988
showing,3,3,other,1992
shown,37,34,other,1981
sig,2,2,statistical,2014
sightless,2,2,style,2016
signal,10,7,other,2002
significance,13,6,statistical,1988
significant,1191,565,statistical,1982
silhouette,5,3,other,2009
similar,107,96,other,1988
similarity,2,2,other,2008
simple,144,121,quality,1987
simpler,5,5,quality,2003
simplified,2,2,quality,1994
simplifies,3,3,quality,1999
simulated,9,9,concept,1994
simulation,7,5,concept,1983
simultaneous,41,27,social,1994
single,77,68,other,1989
single-,2,2,style,1997
single-finger,3,3,style,2014
single-hand,8,4,style,2008
single-point,8,4,style,2007
singlehanded,3,3,style,2005
singlestep,3,2,style,2000
singleuser,9,8,style,2004
site,6,6,concept,2000
situ,3,2,other,2010
situated,23,18,style,1995
situatedness,2,2,other,1995
situation,22,21,concept,1982
sixteen,2,2,other,1999
size,36,21,statistical,1989
sketch,5,3,concept,2015
sketch-based,4,3,style,2005
skill,28,23,concept,1992
skilled,4,4,other,1992
skillful,2,2,quality,1995
skin,2,2,style,2015
skin-based,4,3,style,2012
slider,8,4,style,2006
sliding,3,2,style,2010
slight,3,3,other,1988
slip,3,2,other,2012
slot,3,2,concept,2013
slow,5,5,quality,1982
slower,8,8,quality,2001
sm,4,2,other,1982
small,41,33,other,1987
small-group,7,5,social,2003
smaller,4,4,quality,2011
smart,8,5,quality,2010
smartphone,19,14,style,2012
smartwatch,23,10,style,2014
smooth,14,13,quality,1986
smoother,4,4,quality,2010
sn,4,2,social,2010
sociable,5,3,social,2004
social,2019,660,social,1982
sociocultural,2,2,social,2013
sociopolitical,33,5,concept,2015
sociotechnical,2,2,concept,2009
software,21,19,style,1996
solution,12,10,other,1999
something,2,2,other,2010
sophisticated,9,9,quality,1982
sort,2,2,other,2006
sound,12,9,other,1983
source,2,2,other,2010
space,405,153,concept,1985
span,5,4,other,2008
spanning,2,2,other,2009
sparse,2,2,quality,1998
spatial,106,47,style,1983
spatially-aware,20,2,style,2015
speaker,6,4,other,2000
special,9,9,other,1987
specialist,3,2,other,2015
specialized,3,3,quality,2010
specific,116,98,other,1982
specification,4,2,concept,1983
specified,4,4,other,1987
spectator,3,2,social,2011
speech,56,18,style,1993
speech-based,9,8,style,2001
speech-only,4,2,style,1996
speed,26,15,quality,1998
sphere,5,3,social,2005
split,4,3,style,2008
spoken,20,16,style,1991
spontaneous,44,26,quality,1988
sporadic,4,4,quality,2004
spread,2,2,other,1990
stable,5,5,quality,1991
staff,2,2,social,1981
stage,5,5,concept,1992
staged,2,2,other,2000
stance,2,2,other,2010
standalone,2,2,style,2011
standard,41,31,quality,1989
standpoint,4,4,other,1996
start,15,15,other,1997
started,5,5,other,1999
starting,2,2,other,2000
state,64,32,concept,1994
static,5,5,quality,2004
stationary,4,3,style,2007
statistical,9,8,statistical,2001
status,2,2,concept,1993
stay,2,2,other,2011
stem,4,3,other,2009
step,35,21,other,2000
step-by-step,2,2,style,2004
stereoscopic,3,2,style,2011
stimulus,3,2,other,2011
stop,3,3,other,2011
storage,4,4,other,2008
story,4,4,other,2009
straight,2,2,other,2006
straightforward,10,8,quality,1999
strategic,2,2,other,2014
strategy,63,49,concept,1993
stream,6,3,concept,2006
street,2,2,style,2011
strength,2,2,other,2014
stretch,2,2,other,1997
striking,3,3,other,1994
stroke,2,2,style,2011
stroke-based,2,2,style,2013
strong,36,31,statistical,1986
structural,3,3,other,2006
structure,23,23,other,1983
structured,16,15,quality,1992
student,49,31,social,1997
student-instructor,2,2,social,2005
student-teacher,3,2,social,2011
studied,9,9,other,2005
studio,8,6,other,2011
study,43,41,concept,1992
style,515,297,other,1981
stylus,22,17,style,1994
stylus-based,12,10,style,1997
subgroup,5,2,social,2016
subject,17,14,other,1981
subject-paced,3,3,quality,1994
subject-subject,3,2,social,2011
subjective,4,4,other,1993
subsequent,21,21,other,1990
substantial,2,2,other,2011
substantive,3,3,quality,1997
subtle,99,37,quality,1993
subtlety,3,2,quality,2008
successful,50,45,quality,1986
successive,3,3,other,1993
suffer,3,3,other,2012
sufficient,5,4,quality,2003
suggest,4,4,other,1993
suggested,8,8,other,1985
suggestion,3,3,other,2011
suggests,16,15,other,1986
suit,2,2,other,2010
suitable,14,9,quality,2011
summarizes,2,2,other,1999
superior,2,2,quality,2015
support,94,80,other,1981
supported,29,23,other,1990
supporting,8,7,other,1993
supportive,3,2,quality,2014
surface,164,72,style,1990
surface-based,3,3,style,2012
surprising,5,4,quality,2009
surrounding,12,9,other,2001
survey,7,7,other,2001
sustainable,93,28,concept,2006
sustained,16,14,quality,1987
swipe,6,6,style,2009
switch,6,5,other,2011
switching,3,3,other,2013
symbolic,4,4,quality,1988
symmetric,32,11,style,1999
synchronized,6,4,quality,2009
synchronous,66,35,social,1992
synchrony,22,2,other,2010
synergistic,4,2,style,2016
syntax,2,2,concept,2006
synthetic,9,2,style,2015
system,186,130,concept,1983
system-user,7,2,concept,1988
system/user,3,2,concept,1982
systemic,2,2,concept,1989
table,28,24,other,2000
table-based,3,2,style,2011
tablet,17,6,style,2009
tabletop,106,55,style,2001
tacit,10,2,quality,1999
tactile,79,23,style,1997
tactual,2,2,style,2000
tag,8,6,style,2007
tailored,5,5,quality,1999
take,39,36,other,1987
taken,2,2,other,1993
taking,21,20,other,1993
talk,4,3,social,2012
tangible,385,124,style,1999
tangibles,5,2,other,2011
tap,15,8,style,2004
tap-and-hold,2,2,style,2011
tap-based,3,2,style,2013
tapping,2,2,other,2002
target,42,31,concept,1989
targeted,5,5,quality,2006
targeting,5,2,other,2012
task,240,137,concept,1982
task-oriented,7,4,other,2007
teacher,5,5,social,2011
team,32,26,social,1982
tech,12,9,other,1991
tech-,2,2,other,1987
technical,8,6,other,1993
technique,3166,775,concept,1982
technique*block,2,2,statistical,2007
techniqueblock,5,2,other,2013
technological,7,5,concept,1995
technology,92,72,concept,1995
technology-mediated,9,7,style,2003
tedious,5,5,quality,2006
telephone,10,7,style,1999
television,2,2,style,2002
temporal,13,8,style,2000
ten,3,3,other,2013
tend,6,6,other,2008
tended,7,7,other,2005
term,64,42,statistical,1982
terminal,2,2,style,1997
test,6,5,other,1999
tested,5,5,other,1983
text,21,13,style,1983
text-based,17,9,style,1985
text-editing,5,2,style,1985
text-entry,2,2,style,2016
textual,9,8,style,1992
thanks,2,2,other,1997
theme,10,8,concept,2006
theoretical,4,4,other,2011
theory,21,16,concept,1992
therapeutic,8,4,social,2009
therefore,2,2,other,2004
thermal,7,3,style,2011
thinking,2,2,other,2009
third,8,8,other,1989
thought,4,4,other,1985
thoughtful,6,4,quality,2009
thread,3,2,concept,2013
three-dimensional,8,6,style,1989
three-state,4,2,style,2010
three-way,3,3,statistical,2007
threeway,105,51,statistical,1985
threshold,2,2,concept,2011
throughput,6,2,concept,1999
thumb,9,6,style,2008
thumb-based,8,6,style,2008
thumbspace,3,2,style,2008
tie,3,2,other,2000
tight,3,3,quality,1989
tighter,3,2,quality,1993
tightly-coupled,4,2,quality,2004
tilt,22,6,style,2009
time,192,95,concept,1981
time-based,4,4,style,2009
timecritical,2,2,quality,2015
timeline,14,6,style,2004
timeline-based,2,2,style,2010
timely,3,3,quality,1991
timestamped,2,2,other,2013
timing,5,5,other,2002
tion,4,3,other,1986
tiring,2,2,quality,2013
to-face,2,2,social,2012
today,3,3,other,2006
token,9,3,other,2014
tolerance,3,2,other,2004
took,27,26,other,1995
tool,61,50,concept,1983
toolglass,4,2,style,2010
toolkits,2,2,other,1991
top,2,2,other,2009
topic,2,2,other,2006
topical,3,3,other,2008
total,17,15,statistical,2002
touch,572,221,style,1997
touch-,2,2,style,2015
touch-based,54,42,style,2008
touch-free,2,2,style,2012
touch-sensitive,2,2,style,1999
touching,3,3,style,2013
touchless,81,8,style,2011
touchpad,6,4,style,2008
touchscreen,78,34,style,2004
towards,24,19,other,1995
toy,7,5,style,2009
trace,8,7,other,1999
tracking,13,12,other,1998
traditional,79,60,quality,1992
traffic,2,2,other,2010
training,9,8,other,2008
trajectory,14,4,concept,2008
trajectory-based,6,3,style,1997
transaction,3,3,concept,1993
transcribed,2,2,other,2014
transfer,13,6,other,1991
transforms,3,3,other,2007
transient,3,3,quality,2012
transition,5,5,other,2005
translation,2,2,other,2005
transparency,4,3,other,1995
transparent,6,6,quality,1995
treatment,4,3,statistical,2006
trial,11,9,concept,1989
tried,2,2,other,2013
trigger,8,7,other,2013
triggered,13,9,other,2007
triple,3,3,other,1995
true,7,7,quality,1998
truly,3,3,other,1996
trust,3,3,other,2011
trustworthy,2,2,quality,2011
turn,8,6,other,2005
turn-taking,2,2,style,2007
tutorial,11,7,other,1986
tv,2,2,style,1998
tween,4,4,other,2009
twitter,2,2,other,2014
two-,3,2,other,2007
two-dimensional,2,2,style,2007
two-finger,6,6,style,2008
two-hand,17,6,style,2006
two-object,2,2,style,2010
two-person,4,3,social,1995
two-sided,6,2,style,2001
two-step,3,3,style,2007
two-thumb,4,2,style,2014
two-touch,4,3,style,2006
two-way,7,5,statistical,1982
twohanded,81,50,style,1994
twophase,11,3,style,1992
twoway,84,45,statistical,1983
type,124,63,other,1982
typi,2,2,other,2014
typical,52,48,other,1987
typing,2,2,style,1981
ubicomp,7,2,style,2003
ubiquitous,32,19,style,2001
ui,17,14,concept,1995
uis,2,2,concept,2008
unaided,2,2,quality,2007
uncomfortable,46,10,quality,2011
uncommon,2,2,quality,2013
unconscious,3,3,quality,2009
unconstrained,5,4,quality,1994
unconventional,3,3,quality,1999
underlying,21,10,other,1985
undermine,2,2,other,2016
understand,3,3,other,1999
understanding,18,18,other,1997
undertaken,2,2,other,2006
undesirable,3,3,quality,1987
undesired,2,2,quality,1999
undirected,2,2,other,2011
unencumbered,3,2,quality,2009
unexpected,7,5,quality,1983
unexplored,3,3,other,2009
unfamiliar,5,5,quality,1997
unfold,3,3,other,2008
unfolded,3,3,other,2011
unfolds,8,8,other,2005
unforeseen,3,3,other,1991
unified,8,5,quality,2008
uniform,6,5,quality,1986
unimanual,14,10,style,1995
unimodal,9,4,style,1996
unintended,9,9,quality,2005
uninterrupted,2,2,quality,2011
unintuitive,2,2,quality,2008
unique,24,21,quality,1988
unit,3,2,other,2003
universal,8,7,quality,2002
university,2,2,other,2003
unmediated,14,3,quality,2010
unnatural,5,5,quality,2000
unnecessary,3,3,quality,2008
unnoticed,4,2,other,2012
unobtrusive,16,9,quality,1998
unplanned,6,5,other,1992
unpleasant,2,2,quality,1981
unpredictable,2,2,quality,1981
unscheduled,3,3,social,1999
unstructured,3,3,other,2010
unwanted,6,5,quality,2011
upclose,6,4,style,2005
update,7,5,other,2008
urban,8,6,style,2009
us,7,7,other,2006
usa,11,10,other,2005
usability,13,12,other,2002
usable,14,11,quality,2002
usage,14,14,other,2002
use,46,44,other,1990
used,37,36,other,1998
useful,24,23,quality,1987
user,1106,663,concept,1981
user-adaptive,3,2,style,2013
user-computer,10,9,concept,1981
user-defined,2,2,other,2012
user-device,2,2,concept,1983
user-generated,2,2,other,2007
user-initiated,3,3,style,2007
user-product,9,5,concept,2011
user-system,17,14,concept,1981
user-touser,4,3,social,2007
user-web,2,2,style,2012
user/computer,2,2,concept,1986
using,188,155,other,1982
usual,5,4,other,2009
utility,5,4,other,2008
utilize,3,3,other,2007
utilized,3,3,other,1989
utilizes,4,4,other,1990
utilizing,5,4,other,2008
ux,6,5,concept,2009
valid,7,6,other,1986
valuable,6,6,quality,2000
value,22,16,other,2001
variable,38,21,other,1995
varied,14,14,other,1986
varies,3,3,other,2009
various,88,77,other,1987
vary,3,3,other,1998
verb-noun,5,2,style,2009
verbal,56,38,social,1982
verification,2,2,other,2008
version,6,2,other,2001
versus,16,13,other,1996
viable,9,6,quality,2000
vice,2,2,other,2013
video,49,32,style,1992
video-based,4,3,style,2009
video-mediated,7,4,social,1996
videotaped,13,12,other,1992
view,38,21,other,1989
viewer,10,6,social,1993
viewpoint,3,3,other,1999
virtual,83,38,style,1991
visceral,4,3,quality,2009
viscosity,3,2,quality,2011
visibility,2,2,other,2007
visible,26,21,quality,2001
vision,3,3,style,2012
vision-based,6,5,style,2010
vision-free,2,2,style,2009
visit,3,3,other,2007
visitor,21,10,social,2000
visitor-visitor,2,2,social,2002
visual,95,65,style,1991
visualisation,11,2,style,2011
visualization,68,40,style,2002
visuo-haptic,2,2,style,1998
vocabulary,26,21,concept,2004
vocal,3,3,style,2001
voice,21,16,style,1983
voice-based,5,4,style,2009
volume,45,15,concept,2012
voluntary,5,5,quality,2005
vr,6,6,style,2000
wa,432,326,other,1982
walking,2,2,style,2004
walkup-and-use,4,4,style,2006
wall,6,4,style,2009
wall-display,7,3,style,2015
wand,3,3,style,2005
watch,12,7,style,2015
watch-based,2,2,style,2013
watch-phone,2,2,style,2016
way,24,24,other,1993
wearable,46,17,style,2011
web,32,25,style,1998
web-based,19,17,style,2001
well-adapted,2,2,other,2012
well-suited,3,3,quality,2010
wellknown,2,2,quality,2002
whereas,4,4,other,1982
wherein,2,2,other,2006
whiteboard,8,6,style,1998
whole,39,29,other,1994
whole-body,19,12,style,2008
whole-class,2,2,other,2008
whole-hand,7,5,style,1998
widespread,2,2,other,2011
widget,22,18,style,1994
width,9,5,statistical,1996
wimp,16,11,style,2000
wimp-based,2,2,style,2009
window,24,14,style,1983
wireframes,2,2,concept,2015
wireless,3,3,style,2010
wizard,2,2,style,2007
word,2,2,other,2010
work,110,92,other,1989
workarounds,2,2,other,2005
worked,3,3,other,2008
worker,3,2,social,2013
workflow,9,9,concept,2012
working,2,2,other,2003
workload,4,3,other,2001
workplace,13,12,social,1999
workshop,8,6,concept,1987
workspace,36,8,concept,1987
world,24,20,style,1992
wrist-based,4,4,style,2009
written,3,2,other,2006
wu,2,2,other,2014
www,5,3,style,1996
yielded,2,2,other,2012
youth,2,2,other,2015
youtube,2,2,other,2009
zone,73,16,concept,2010
zoom,20,13,style,1995
zooming,4,4,style,2002